City_ID,City,Lat,Lng,Max Temp,Humidity,Cloudiness,Wind Speed,Country,Date
0,singkil,-7.9855,111.4161,20.94,93,100,1.86,ID,1722885784
1,tomatlan,19.9333,-105.25,34.21,49,24,3.01,MX,1722885786
2,usinsk,65.9939,57.5281,10.25,72,99,5.75,RU,1722885787
3,edinburgh of the seven seas,-37.0676,-12.3116,13.74,91,92,11.02,SH,1722885788
4,longyearbyen,78.2186,15.6401,9.91,81,20,6.17,SJ,1722885789
5,mantua,45.1667,10.7833,29.53,70,42,0.89,IT,1722885790
6,grytviken,-54.2811,-36.5092,-8.31,76,100,4.8,GS,1722885644
7,vyerkhnyadzvinsk,55.7815,27.9443,18.16,77,100,2.33,BY,1722885792
8,al fuwayliq,26.4432,43.2534,31.37,17,6,5.16,SA,1722885793
9,bilibino,68.0546,166.4372,2.21,68,84,1.83,RU,1722885692
10,igarka,67.4667,86.5833,8.67,71,99,5.34,RU,1722885797
11,petropavlovsk-kamchatsky,53.0452,158.6483,11.33,100,100,1.0,RU,1722885798
12,waitangi,-43.9535,-176.5597,8.79,94,86,0.45,NZ,1722885799
13,arraial do cabo,-22.9661,-42.0278,26.98,69,0,8.75,BR,1722885788
14,el calafate,-50.3408,-72.2768,0.45,86,71,2.09,AR,1722885801
15,ribeira grande,38.5167,-28.7,26.22,83,20,5.14,PT,1722885802
16,slave lake,55.2834,-114.769,18.99,72,100,2.06,CA,1722885803
17,hermanus,-34.4187,19.2345,11.38,79,12,5.63,ZA,1722885804
18,adamstown,-25.066,-130.1015,19.49,65,21,5.49,PN,1722885795
19,okha,53.5739,142.9478,12.58,87,100,8.55,RU,1722885806
20,qusmuryn,52.4503,64.6311,20.42,65,44,1.33,KZ,1722885808
21,morondava,-20.2833,44.2833,21.84,76,0,4.69,MG,1722885809
22,hadibu,12.65,54.0333,25.64,80,37,8.59,YE,1722885811
23,sao vicente,-23.9631,-46.3919,33.1,76,37,0.79,BR,1722885663
24,port-aux-francais,-49.35,70.2167,1.01,72,12,5.54,TF,1722885813
25,beaver dam,43.4578,-88.8373,25.55,79,100,2.57,US,1722885816
26,ulladulla,-35.35,150.4667,8.07,79,6,3.14,AU,1722885817
27,mirny,62.5353,113.9611,12.78,62,86,2.26,RU,1722885818
28,dzuunharaa,48.8523,106.4579,14.84,96,100,0.84,MN,1722885819
29,bethel,41.3712,-73.414,32.42,58,0,3.6,US,1722885820
30,byron bay,-28.65,153.6167,16.51,80,99,5.32,AU,1722885823
31,hawaiian paradise park,19.5933,-154.9731,26.73,78,20,2.06,US,1722885824
32,uvira,-3.4067,29.1458,24.31,53,99,0.67,CD,1722885825
33,kerikeri,-35.2268,173.9474,6.06,93,1,1.63,NZ,1722885826
34,argo,37.6333,22.7333,29.32,66,0,0.77,GR,1722885827
35,san antonio de pale,-1.4014,5.6325,22.2,75,100,4.33,GQ,1722885828
36,southwick,42.0548,-72.7704,32.64,53,0,7.2,US,1722885829
37,hithadhoo,-0.6,73.0833,28.53,73,100,1.46,MV,1722885830
38,qaqortoq,60.7167,-46.0333,9.45,69,100,1.65,GL,1722885607
39,bredasdorp,-34.5322,20.0403,8.78,83,0,3.44,ZA,1722885832
40,lihue,21.9789,-159.3672,27.08,71,20,6.17,US,1722885601
41,iqaluit,63.7506,-68.5145,7.85,81,100,3.6,CA,1722885836
42,kindu,-2.95,25.95,25.55,37,75,0.37,CD,1722885838
43,avarua,-21.2078,-159.775,25.03,78,2,4.12,CK,1722885839
44,vrangel',42.7297,133.0839,18.27,90,100,3.2,RU,1722885840
45,invercargill,-46.4,168.35,3.9,92,95,1.79,NZ,1722885841
46,kodiak,57.79,-152.4072,12.73,100,100,6.69,US,1722885842
47,mount isa,-20.7333,139.5,15.87,67,100,4.63,AU,1722885835
48,mbuji-mayi,-6.15,23.6,28.11,21,73,1.07,CD,1722885844
49,chonchi,-42.6128,-73.8092,8.56,97,100,1.75,CL,1722885792
50,blackmans bay,-43.0167,147.3167,10.41,74,100,1.79,AU,1722885586
51,albany,42.6001,-73.9662,30.5,62,96,0.45,US,1722885686
52,krasnokamensk,50.0979,118.0369,18.94,61,93,1.41,RU,1722885849
53,ilulissat,69.2167,-51.1,9.01,76,20,2.06,GL,1722885574
54,puerto natales,-51.7236,-72.4875,1.25,80,40,2.57,CL,1722885784
55,zhangye,38.9342,100.4517,27.53,24,100,8.47,CN,1722885852
56,keflavik,64.0049,-22.5624,12.95,94,75,4.12,IS,1722885853
57,tanaina,61.6269,-149.4281,21.58,60,0,0.45,US,1722885854
58,taos,36.4072,-105.5731,32.22,29,0,4.12,US,1722885855
59,prince albert,53.2001,-105.7677,19.97,68,100,4.63,CA,1722885857
60,olonkinbyen,70.9221,-8.7187,6.37,96,99,2.45,SJ,1722885858
61,west island,-12.1568,96.8225,25.99,73,20,4.12,CC,1722885859
62,ust-tsilma,65.441,52.1498,13.52,71,0,3.37,RU,1722885860
63,klyuchi,52.2667,79.1667,18.06,69,40,2.96,RU,1722885861
64,glace bay,46.1969,-59.957,28.98,66,75,7.2,CA,1722885863
65,vilyuchinsk,52.9306,158.4028,12.15,83,100,0.2,RU,1722885719
66,puerto santa,-8.9906,-78.6456,19.35,74,2,5.97,PE,1722885865
67,tura,25.5198,90.2201,24.31,99,100,2.54,IN,1722885866
68,el granada,37.5027,-122.4694,23.6,73,0,2.57,US,1722885867
69,isafjordur,66.0755,-23.124,11.02,82,75,7.2,IS,1722885670
70,goundi,9.3627,17.366,23.28,88,92,0.58,TD,1722885869
71,port lincoln,-34.7333,135.8667,9.22,91,99,4.21,AU,1722885814
72,weno,7.4515,151.8468,26.97,83,75,1.54,FM,1722885871
73,kangding,30.0513,101.9603,14.26,79,3,2.52,CN,1722885872
74,queenstown,-31.8976,26.8753,8.99,25,0,2.73,ZA,1722885873
75,sitka,57.0531,-135.33,20.94,60,20,0.0,US,1722885875
76,labytnangi,66.6572,66.4183,7.48,64,35,5.6,RU,1722885876
77,menomonie,44.8755,-91.9193,18.02,100,100,3.6,US,1722885877
78,ust'-ilimsk,58.0006,102.6619,12.8,70,6,1.14,RU,1722885878
79,puerto ayora,-0.7393,-90.3518,24.98,78,59,5.32,EC,1722885594
80,wenling,28.3669,121.36,26.27,88,0,1.2,CN,1722885880
81,ushuaia,-54.8,-68.3,-0.19,64,20,0.0,AR,1722885605
82,college,64.8569,-147.8028,24.7,50,20,4.12,US,1722885685
83,tvoroyri,61.5556,-6.8111,11.03,91,0,5.55,FO,1722885884
84,swift current,50.2834,-107.8014,24.45,38,0,3.09,CA,1722885885
85,papao,-17.75,-149.55,26.82,71,16,4.78,PF,1722885886
86,luderitz,-26.6481,15.1594,13.32,66,0,7.35,NA,1722885887
87,kill devil hills,36.0307,-75.676,29.01,78,40,7.2,US,1722885888
88,jwaneng,-24.6004,24.7303,10.79,25,5,3.6,BW,1722885889
89,iquique,-20.2208,-70.1431,18.02,76,9,4.15,CL,1722885777
90,yellowknife,62.456,-114.3525,20.79,52,75,3.6,CA,1722885892
91,revda,56.801,59.9303,15.22,97,100,3.24,RU,1722885893
92,razdol'noye,45.7708,33.4878,22.71,66,100,3.93,UA,1722885894
93,ceeldheer,3.8488,47.1806,24.38,81,2,9.15,SO,1722885895
94,tongliao,43.6125,122.2653,21.79,64,0,2.98,CN,1722885896
95,ayr,55.4627,-4.6339,16.39,100,100,1.03,GB,1722885835
96,burutu,5.3509,5.5076,25.3,79,94,4.86,NG,1722885898
97,extrema,-22.8547,-46.3183,26.91,30,0,1.97,BR,1722885899
98,swakopmund,-22.6833,14.5333,13.32,82,0,1.8,NA,1722885899
99,vorgashor,67.5833,63.95,6.22,72,6,3.03,RU,1722885903
100,leava,-14.3,-178.1667,26.35,80,69,7.93,WF,1722885904
101,coahuayana de hidalgo,18.7,-103.6583,33.39,54,84,2.82,MX,1722885905
102,shahganj,26.05,82.6833,30.34,66,100,1.21,IN,1722885906
103,cienfuegos,22.1461,-80.4356,34.08,52,40,3.09,CU,1722885907
104,chishtian,29.8,72.8667,33.26,54,6,3.9,PK,1722885908
105,lobito,-12.3481,13.5456,20.4,91,91,1.16,AO,1722885909
106,papatowai,-46.5619,169.4708,5.08,84,32,3.38,NZ,1722885910
107,kataysk,56.289,62.5841,15.94,95,88,3.67,RU,1722885913
108,daru,-9.0763,143.2092,24.13,89,100,6.55,PG,1722885914
109,coari,-4.085,-63.1414,37.19,22,89,1.99,BR,1722885915
110,dudinka,69.4058,86.1778,7.88,68,17,7.87,RU,1722885916
111,talnakh,69.4865,88.3972,8.38,69,0,1.67,RU,1722885917
112,utrik,11.2278,169.8474,28.03,81,94,6.73,MH,1722885918
113,susuman,62.7833,148.1667,11.06,66,94,2.84,RU,1722885919
114,drouin,-38.1333,145.85,7.44,98,13,0.87,AU,1722885920
115,majene,-3.5403,118.9707,24.24,91,67,4.37,ID,1722885921
116,georgetown,5.4112,100.3354,28.96,79,20,0.0,MY,1722885829
117,porto novo,6.4965,2.6036,25.9,81,98,4.99,BJ,1722885923
118,kayangel,8.0823,134.7173,28.54,75,100,4.42,PW,1722885853
119,hasaki,35.7333,140.8333,25.22,90,0,2.39,JP,1722885912
120,yangi qal'ah,37.4657,69.6113,30.25,18,0,1.27,AF,1722885927
121,nova sintra,14.8667,-24.7167,27.56,71,42,2.07,CV,1722885928
122,namibe,-15.1961,12.1522,18.02,87,100,1.58,AO,1722885929
123,thompson,55.7435,-97.8558,22.09,35,20,3.09,CA,1722885930
124,darhan,49.4867,105.9228,15.83,89,100,1.07,MN,1722885931
125,san juan de miraflores,-12.1629,-76.9635,21.6,73,47,5.23,PE,1722885932
126,rio grande,-32.035,-52.0986,18.06,92,40,6.9,BR,1722885933
127,pechora,65.1472,57.2244,13.46,80,100,0.96,RU,1722885934
128,laguna,38.421,-121.4238,34.62,36,0,3.09,US,1722885924
129,vilyuysk,63.7553,121.6247,10.97,85,7,1.95,RU,1722885937
130,macusani,-14.0833,-70.4333,9.0,42,15,7.37,PE,1722885938
131,constantia,44.1833,28.65,22.61,61,100,5.4,RO,1722885939
132,fort st. john,56.2499,-120.8529,14.94,77,100,3.6,CA,1722885940
133,ust-nera,64.5667,143.2,11.54,66,99,2.08,RU,1722885941
134,newton,42.337,-71.2092,32.93,54,40,3.09,US,1722885942
135,magadan,59.5667,150.8,12.23,85,100,1.21,RU,1722885944
136,lata,40.1629,-8.3327,20.6,66,0,2.89,PT,1722885945
137,sault ste. marie,46.5168,-84.3333,24.31,48,0,7.72,CA,1722885925
138,whitehorse,60.7161,-135.0538,21.68,39,0,6.17,CA,1722885948
139,necochea,-38.5473,-58.7368,14.92,55,99,5.06,AR,1722885949
140,mogocha,53.7333,119.7667,12.19,94,18,0.74,RU,1722885950
141,codrington,-38.2667,141.9667,5.77,96,100,5.1,AU,1722885951
142,jamestown,42.097,-79.2353,28.9,65,100,4.63,US,1722885915
143,ostersund,63.1792,14.6357,19.25,77,100,3.09,SE,1722885953
144,barra dos coqueiros,-10.9089,-37.0386,27.01,69,40,5.66,BR,1722885954
145,khalkhal,37.6189,48.5258,21.19,48,3,3.09,IR,1722885956
146,tolanaro,-25.0319,46.9987,18.04,88,0,0.0,MG,1722885957
147,stanley,54.868,-1.6985,21.82,80,75,2.57,GB,1722885958
148,port alfred,-33.5906,26.891,13.87,60,0,4.81,ZA,1722885838
149,vuktyl,63.8567,57.3094,11.3,76,77,2.89,RU,1722885960
150,lhuentse,27.6679,91.1839,21.15,99,100,0.64,BT,1722885961
151,kapuskasing,49.4169,-82.4331,22.05,43,75,6.17,CA,1722885801
152,lillehammer,61.1146,10.4674,18.26,71,100,1.41,NO,1722885963
153,paragominas,-2.9667,-47.4833,35.98,26,74,2.61,BR,1722885964
154,sao felix do xingu,-6.6447,-51.995,36.36,17,0,2.25,BR,1722885965
155,puerto lempira,15.2667,-83.7667,30.08,70,75,5.14,HN,1722885966
156,dover,39.1582,-75.5244,33.35,62,40,4.12,US,1722885888
157,katsuura,35.1333,140.3,24.54,92,0,2.85,JP,1722885969
158,alesd,47.0667,22.4167,17.23,98,100,0.25,RO,1722885840
159,jayapura,-2.5333,140.7,24.66,95,100,2.3,ID,1722885971
160,nabire,-3.3667,135.4833,23.44,93,99,1.47,ID,1722885972
161,alice springs,-23.7,133.8833,3.75,93,0,1.03,AU,1722885973
162,buka,40.8108,69.1986,24.46,25,0,1.49,UZ,1722885974
163,gadzhiyevo,69.2551,33.3362,10.58,79,2,2.61,RU,1722885975
164,guarapari,-20.6667,-40.4975,25.5,75,0,6.5,BR,1722885976
165,portland,45.5234,-122.6762,27.19,52,0,1.34,US,1722885977
166,saipan,15.1355,145.701,27.39,89,0,2.06,MP,1722885979
167,weiser,44.251,-116.9693,35.17,31,0,2.38,US,1722885980
168,gedo,9.0167,37.45,11.0,98,100,0.73,ET,1722885981
169,meadow lakes,61.6247,-149.6011,21.81,63,0,0.0,US,1722885982
170,masuguru,-11.3667,38.4167,24.35,34,0,2.56,TZ,1722885983
171,christchurch,-43.5333,172.6333,2.49,80,0,0.87,NZ,1722885984
172,ulsteinvik,62.3432,5.8487,18.51,89,100,0.89,NO,1722885985
173,sandpoint,48.2766,-116.5533,27.47,47,0,3.6,US,1722885719
174,stephenville,32.2207,-98.2023,35.52,31,0,2.57,US,1722885783
175,port macquarie,-31.4333,152.9167,12.26,99,100,0.89,AU,1722885988
176,vila franca do campo,37.7167,-25.4333,25.23,71,10,3.97,PT,1722885990
177,basoko,1.2391,23.616,23.48,83,56,0.75,CD,1722885991
178,tafuna,-14.3358,-170.72,24.04,94,40,1.03,AS,1722885992
179,grootfontein,-19.5667,18.1167,17.98,21,0,3.67,NA,1722885993
180,uturoa,-16.7333,-151.4333,25.82,73,100,5.5,PF,1722885994
181,saint-philippe,-21.3585,55.7679,18.77,81,7,2.66,RE,1722885996
182,kuala belait,4.5833,114.1833,26.09,88,76,1.83,BN,1722885997
183,xiazhuang,34.9161,118.6389,25.09,93,35,0.37,CN,1722885998
184,tidjikja,18.5564,-11.4271,32.83,43,3,5.1,MR,1722885999
185,zhanaozen,43.3,52.8,33.5,21,0,3.43,KZ,1722886000
186,nouadhibou,20.931,-17.0347,23.99,78,27,8.75,MR,1722886002
187,nguigmi,14.2495,13.1092,26.86,67,100,2.93,NE,1722886003
188,keetmanshoop,-26.5833,18.1333,11.31,35,0,4.37,NA,1722886004
189,narok,-1.0783,35.8601,15.52,70,40,1.91,KE,1722886005
190,kralendijk,12.15,-68.2667,30.99,66,40,6.17,BQ,1722886006
191,port elizabeth,-33.918,25.5701,13.16,64,0,3.6,ZA,1722886007
192,laminusa,5.5549,120.9136,28.46,76,98,3.0,PH,1722886008
193,kailua-kona,19.6406,-155.9956,28.11,77,100,3.09,US,1722886009
194,saint-tropez,43.2693,6.6398,28.33,66,100,1.52,FR,1722886010
195,margate,51.3813,1.3862,22.71,70,2,4.83,GB,1722886012
196,salinopolis,-0.6136,-47.3561,28.5,70,55,6.7,BR,1722886013
197,sinabang,2.4803,96.3801,25.54,86,99,1.54,ID,1722885728
198,st. john's,47.5649,-52.7093,23.49,90,100,11.32,CA,1722886015
199,mananjary,-21.2167,48.3333,19.76,92,38,3.49,MG,1722886016
200,las tablas,7.7667,-80.2833,27.32,99,100,1.25,PA,1722886017
201,tiksi,71.6872,128.8694,11.34,76,100,2.56,RU,1722886018
202,guerrero negro,27.9769,-114.0611,27.98,49,100,4.09,MX,1722886019
203,akbarabad,29.2464,52.7793,32.79,21,18,2.04,IR,1722886020
204,howrah,22.5892,88.3103,28.0,94,40,1.54,IN,1722885877
205,afaahiti,-17.75,-149.2833,25.93,75,86,5.33,PF,1722886022
206,pangkalanbuun,-2.6833,111.6167,22.19,94,100,0.61,ID,1722886023
207,richards bay,-28.783,32.0377,16.11,70,0,0.74,ZA,1722886025
208,tayu,-6.5397,111.0518,23.93,71,97,4.39,ID,1722886026
209,port blair,11.6667,92.75,26.02,89,75,2.06,IN,1722886027
210,fale old settlement,-9.3852,-171.2468,27.46,78,100,4.51,TK,1722886028
211,alpatovo,43.7028,45.2415,25.54,57,0,4.01,RU,1722886029
212,yaren,-0.5472,166.916,28.57,70,11,4.8,NR,1722886030
213,kone,-21.0595,164.8658,14.46,78,8,1.64,NC,1722886031
214,punta arenas,-53.15,-70.9167,1.06,80,20,3.6,CL,1722886032
215,cleveland,41.4995,-81.6954,31.29,71,75,5.66,US,1722885751
216,lebu,-37.6167,-73.65,10.68,65,73,2.98,CL,1722886036
217,qarah zia' od din,38.8915,45.0255,29.48,36,1,0.59,IR,1722886037
218,kapa'a,22.0752,-159.319,27.49,70,20,6.17,US,1722886038
219,draguignan,43.5333,6.4667,27.23,61,78,1.22,FR,1722886039
220,chingirlau,51.095,54.0814,24.92,42,100,3.22,KZ,1722886040
221,tazacorte,28.629,-17.9293,23.54,85,20,4.63,ES,1722886041
222,mbanga,4.5016,9.5671,22.8,93,100,0.73,CM,1722886042
223,vorkuta,67.5,64.0,6.84,72,6,2.09,RU,1722886043
224,nyaungdon,17.0333,95.65,25.1,93,100,1.35,MM,1722886044
225,kavaratti,10.5669,72.642,27.12,85,100,5.29,IN,1722886045
226,sydney,-33.8679,151.2073,10.22,84,20,3.6,AU,1722885818
227,inirida,3.8653,-67.9239,29.53,68,69,0.76,CO,1722886048
228,new norfolk,-42.7826,147.0587,11.07,83,100,2.01,AU,1722886049
229,maua,-23.6678,-46.4614,28.89,36,0,1.77,BR,1722885797
230,carloforte,39.145,8.3058,24.61,81,94,6.66,IT,1722886051
231,aasiaat,68.7098,-52.8699,3.05,88,64,1.21,GL,1722886052
232,lae,-6.7221,146.9847,23.37,93,88,2.36,PG,1722886053
233,gamba,-2.65,10.0,21.4,82,65,2.24,GA,1722886054
234,omarska,44.89,16.8992,23.66,55,86,0.92,BA,1722886055
235,guayaramerin,-10.8368,-65.3614,36.03,34,75,4.12,BO,1722886056
236,si bun rueang,16.9667,102.2833,24.63,91,100,1.54,TH,1722885973
237,maxixe,-23.8597,35.3472,21.9,73,75,4.63,MZ,1722886059
238,greymouth,-42.4667,171.2,6.08,90,13,1.56,NZ,1722886021
239,taltal,-25.4,-70.4833,16.24,68,24,3.07,CL,1722886062
240,ahmadpur east,29.1431,71.2598,34.11,53,100,4.75,PK,1722886063
241,navan,53.6528,-6.6814,17.19,95,100,3.05,IE,1722886064
242,iskateley,67.6803,53.1512,6.48,83,3,5.32,RU,1722886065
243,ta`u,-14.2336,-169.5144,25.6,76,26,2.75,AS,1722886066
244,vadso,70.0744,29.7487,12.49,93,0,5.14,NO,1722885956
245,ipueiras,-7.0333,-40.45,32.55,23,7,5.21,BR,1722886068
246,saint croix,17.7397,-64.7388,32.25,79,40,8.75,VI,1722886071
247,mersa matruh,31.3525,27.2453,28.11,89,40,2.06,EG,1722886072
248,garoowe,8.4054,48.4845,28.05,50,28,10.84,SO,1722886073
249,badger,64.8,-147.5333,25.14,51,20,4.12,US,1722886074
250,wailua homesteads,22.0669,-159.378,26.74,73,20,6.17,US,1722886075
251,inhambane,-23.865,35.3833,21.99,73,75,4.63,MZ,1722886076
252,nar'yan-mar,67.6713,53.087,6.49,83,3,5.36,RU,1722886077
253,barakani,-12.1356,44.4317,24.04,70,25,2.57,KM,1722886079
254,cabo san lucas,22.8909,-109.9124,34.61,38,20,5.14,MX,1722886080
255,klaksvik,62.2266,-6.589,11.51,85,2,3.46,FO,1722886082
256,kristiansund,63.1115,7.732,18.03,89,0,1.54,NO,1722886083
257,tete,-16.1564,33.5867,20.05,42,0,3.09,MZ,1722886084
258,valle de la pascua,9.2155,-66.0073,27.85,86,100,2.36,VE,1722886085
259,tofol,5.3248,163.0078,28.07,77,100,4.13,FM,1722886086
260,lumphat,13.4878,106.9816,23.88,97,100,0.23,KH,1722886087
261,mili,6.0815,171.735,28.02,77,20,4.42,MH,1722886088
262,atafu village,-8.5421,-172.5159,27.92,75,26,2.29,TK,1722886089
263,margaret river,-33.95,115.0667,16.28,84,99,7.62,AU,1722886090
264,iquitos,-3.7481,-73.2472,30.02,79,75,2.06,PE,1722886092
265,santiago de cuba,20.0247,-75.8219,31.06,74,40,2.57,CU,1722886093
266,polyarnyy,69.1989,33.4478,11.07,75,3,2.6,RU,1722886094
267,touros,-5.1989,-35.4608,26.3,69,86,7.75,BR,1722886095
268,berezovyy,51.6667,135.7,17.53,96,100,1.94,RU,1722886096
269,egersund,58.4513,5.9997,17.43,87,100,4.73,NO,1722886097
270,vredendal,-31.6683,18.5012,10.13,68,0,2.13,ZA,1722886098
271,horta,38.5333,-28.6333,25.8,91,20,5.14,PT,1722886088
272,palang,23.2167,90.35,27.05,91,100,2.68,BD,1722886100
273,mamuju,-2.6748,118.8885,25.34,83,80,1.47,ID,1722886102
274,tubarjal,30.4999,38.216,31.17,14,0,6.36,SA,1722886103
275,non sung,15.1801,102.2569,27.88,87,100,2.42,TH,1722886104
276,koulikoro,14.0,-7.75,25.61,80,36,3.47,ML,1722886105
277,la passe,45.5549,-0.8967,23.9,74,0,5.06,FR,1722886096
278,eyl,7.9803,49.8164,24.99,80,98,11.75,SO,1722886107
279,port mathurin,-19.6833,63.4167,22.44,77,14,8.97,MU,1722886108
280,nahrin,36.0649,69.1334,25.86,26,0,0.78,AF,1722886109
281,darnah,32.767,22.6367,27.35,77,0,6.58,LY,1722886110
282,inhambupe,-11.7844,-38.3531,26.85,45,0,6.65,BR,1722886111
283,tacuarembo,-31.7333,-55.9833,22.39,73,62,4.7,UY,1722885970
284,coronel du graty,-27.6804,-60.9146,23.34,54,100,2.64,AR,1722886097
285,ocean city,39.2776,-74.5746,32.88,73,13,2.24,US,1722886115
286,mount gambier,-37.8333,140.7667,6.0,100,100,2.85,AU,1722886116
287,enewetak,11.3474,162.3373,28.64,73,83,2.19,MH,1722886117
288,cotusca,48.1333,26.85,20.34,50,100,2.21,RO,1722886118
289,al bawiti,28.3492,28.8659,30.93,21,3,2.36,EG,1722886119
290,sinnar,13.5691,33.5672,23.88,83,86,6.24,SD,1722886120
291,taco pozo,-25.6167,-63.2833,28.53,34,1,3.77,AR,1722886121
292,dryden,49.7833,-92.7503,21.16,40,20,2.06,CA,1722885883
293,kampene,-3.6,26.6667,24.39,31,100,0.36,CD,1722886123
294,al burayqah,30.4062,19.5739,28.66,66,0,5.64,LY,1722886125
295,karangampel,-6.4622,108.4519,24.51,74,98,3.35,ID,1722886126
296,tham phannara,8.4204,99.3952,23.95,94,100,0.66,TH,1722886127
297,mahalapye,-23.1041,26.8142,16.93,14,5,3.54,BW,1722886128
298,yakeshi,49.2833,120.7333,14.96,80,0,2.05,CN,1722886129
299,tarnogskiy gorodok,60.4997,43.5761,15.06,98,95,2.02,RU,1722886130
300,fort mcmurray,56.7268,-111.381,21.77,52,0,5.14,CA,1722886131
301,saint-joseph,-21.3667,55.6167,18.21,78,7,2.64,RE,1722886132
302,altamont,42.2068,-121.7372,30.78,26,0,0.0,US,1722886133
303,tromso,69.6496,18.957,20.01,56,20,4.12,NO,1722886134
304,suwayr,30.1171,40.3893,32.52,19,0,3.74,SA,1722886136
305,fuxin,42.0156,121.6589,22.26,93,0,1.43,CN,1722886137
306,lamu,-2.2717,40.902,23.86,78,17,6.29,KE,1722886138
307,tazovsky,67.4667,78.7,7.8,70,99,5.96,RU,1722886139
308,mombasa,-4.0547,39.6636,24.23,78,20,2.06,KE,1722886141
309,shanhecun,44.7,127.2,21.71,98,74,3.24,CN,1722886142
310,khandyga,62.6667,135.6,12.56,98,100,2.01,RU,1722886144
311,al mishkhab,31.8042,44.4911,36.06,10,0,4.17,IQ,1722886146
312,egilsstadir,65.2653,-14.3948,9.95,93,75,8.23,IS,1722885963
313,soio,-6.1349,12.3689,21.08,79,28,3.85,AO,1722886149
314,pisco,-13.7,-76.2167,19.03,72,0,4.63,PE,1722886150
315,niquelandia,-14.4739,-48.4597,29.89,20,0,3.66,BR,1722886151
316,kidal,18.4411,1.4078,29.2,57,64,9.46,ML,1722886152
317,arno,60.1167,18.6333,18.21,92,11,2.58,SE,1722886153
318,wang sai phun,16.3885,100.538,24.62,98,100,1.97,TH,1722886154
319,san patricio,28.017,-97.5169,34.53,40,12,2.9,US,1722886155
320,envira,-7.3,-70.2167,30.72,52,100,1.08,BR,1722886157
321,marquard,-28.6645,27.4305,6.46,35,0,1.99,ZA,1722886158
322,medyn',54.9692,35.8586,15.87,82,100,1.63,RU,1722886159
323,zaozersk,69.4005,32.4476,7.93,94,15,2.92,RU,1722886160
324,minas de marcona,-15.2119,-75.1103,15.63,60,0,8.85,PE,1722886162
325,rongelap,11.1635,166.8941,28.3,79,100,7.25,MH,1722886163
326,bunia,1.5667,30.25,17.81,95,96,1.18,CD,1722886164
327,salekhard,66.53,66.6019,6.86,68,76,5.12,RU,1722886165
328,machico,32.7,-16.7667,26.11,77,40,6.17,PT,1722886166
329,dubovka,49.0583,44.829,20.53,78,99,4.11,RU,1722886167
330,rafsanjan,30.4067,55.9939,31.09,21,0,5.3,IR,1722886168
331,cajuru,-21.2753,-47.3042,28.75,23,0,3.11,BR,1722886169
332,east london,-33.0153,27.9116,15.23,51,0,2.51,ZA,1722886171
333,gaiman,-43.2897,-65.4929,12.35,48,100,4.96,AR,1722886004
334,aleg,17.0481,-13.9209,33.29,45,100,3.27,MR,1722886173
335,lahad datu,5.0268,118.327,24.91,89,54,1.47,MY,1722886174
336,severo-yeniseyskiy,60.3725,93.0408,15.14,68,100,1.6,RU,1722886175
337,pyapon,16.2833,95.6833,24.99,91,100,2.08,MM,1722886176
338,noshiro,40.2039,140.0242,20.95,92,50,1.11,JP,1722886177
339,yelizovo,53.1873,158.3805,12.08,100,100,1.0,RU,1722886165
340,tingo maria,-9.2895,-76.0088,29.17,61,75,2.06,PE,1722886179
341,suva,-18.1416,178.4415,15.71,100,20,1.54,FJ,1722886180
342,kermanshah,34.3142,47.065,28.5,15,0,2.06,IR,1722886181
343,flying fish cove,-10.4217,105.6791,24.82,83,100,5.14,CX,1722886183
344,baley,51.6,116.6333,13.51,77,25,2.06,RU,1722886184
345,guiuan,11.0333,125.7247,28.92,75,100,6.2,PH,1722886185
346,cockburn town,21.4612,-71.1419,28.48,82,7,7.78,TC,1722886187
347,acapulco de juarez,16.8634,-99.8901,28.9,70,75,1.54,MX,1722886144
348,yeraliyev,43.2,51.65,32.29,30,0,2.78,KZ,1722886189
349,port saint john's,-31.6229,29.5448,13.92,71,0,2.86,ZA,1722886190
350,anadyr,64.75,177.4833,2.28,93,75,7.0,RU,1722886157
351,kapoeta,4.7717,33.5903,22.17,86,97,0.99,SS,1722886193
352,ain sefra,32.75,-0.5833,34.88,12,100,1.68,DZ,1722886194
353,nuuk,64.1835,-51.7216,11.34,66,75,2.06,GL,1722886089
354,kulebaki,55.4133,42.5325,17.93,74,41,0.71,RU,1722886196
355,kununurra,-15.7667,128.7333,17.99,88,100,2.06,AU,1722886197
356,katsuren-haebaru,26.3369,127.8719,27.01,96,75,4.12,JP,1722886198
357,bredy,52.4153,60.3411,20.08,70,100,2.2,RU,1722886199
358,meadow lake,34.8014,-106.5436,34.41,32,7,5.19,US,1722886200
359,shingu,33.7333,135.9833,25.2,94,73,1.37,JP,1722886201
360,miagao,10.6442,122.2352,25.46,91,100,3.37,PH,1722886202
361,ciudad lazaro cardenas,17.9583,-102.2,29.83,66,100,3.38,MX,1722886204
362,kavieng,-2.5744,150.7967,27.53,78,100,5.12,PG,1722886205
363,hamilton,39.1834,-84.5333,34.49,52,0,2.57,US,1722886206
364,bandar lampung,-5.4254,105.258,21.88,97,87,0.97,ID,1722886207
365,oriximina,-1.7656,-55.8661,34.63,33,5,3.78,BR,1722886208
366,valentin gomez farias,28.2167,-106.5833,29.33,28,53,6.4,MX,1722886209
367,talara,-4.5772,-81.2719,24.42,64,0,6.17,PE,1722886210
368,sept-iles,50.2001,-66.3821,23.36,43,75,6.69,CA,1722886211
369,la roche-sur-yon,46.6667,-1.4333,22.15,73,0,2.57,FR,1722886212
370,keyser,39.4409,-78.9739,36.81,35,0,2.91,US,1722886214
371,nishinoomote,30.7333,131.0,28.19,78,31,2.86,JP,1722886215
372,khalabat,34.06,72.8894,29.19,74,54,1.14,PK,1722886216
373,karonga,-9.9333,33.9333,19.86,59,5,1.84,MW,1722886217
374,fereydun kenar,36.6864,52.5225,28.12,83,0,0.0,IR,1722886218
375,mejit,10.2753,170.8646,28.33,79,100,6.75,MH,1722886219
376,hotan,37.0997,79.9269,29.89,27,84,1.83,CN,1722886220
377,aykhal,66.0,111.5,8.76,85,82,6.55,RU,1722886221
378,thunder bay,48.4001,-89.3168,23.99,35,100,4.12,CA,1722886185
379,bridgewater,44.3835,-64.5155,30.06,67,3,5.14,CA,1722886223
380,tual,-5.6667,132.75,25.27,85,89,9.38,ID,1722886225
381,bikenibeu village,1.3673,173.1241,28.96,62,98,5.47,KI,1722886226
382,nizhnyaya omka,55.4338,74.9426,14.74,93,21,2.7,RU,1722886227
383,anloga,5.7947,0.8973,24.17,86,64,7.26,GH,1722886228
384,bayanga,7.5214,124.2522,21.35,88,100,1.34,PH,1722886229
385,bhinga,27.7167,81.9333,27.42,84,99,2.26,IN,1722886230
386,bannu,32.9854,70.6027,33.5,55,57,1.99,PK,1722886231
387,greenville,35.6127,-77.3663,31.01,75,75,3.6,US,1722886232
388,lucapa,-8.4192,20.7447,23.52,20,5,1.08,AO,1722886233
389,dolores hidalgo cuna de la independencia nacional,21.1561,-100.9308,24.37,32,5,3.54,MX,1722886235
390,belmonte,-15.8631,-38.8828,23.4,69,27,2.8,BR,1722886236
391,ebaye,8.7748,167.7392,27.01,89,0,1.54,MH,1722886237
392,galle,6.0367,80.217,28.29,83,98,4.84,LK,1722886238
393,timimoun,29.2639,0.231,42.21,10,0,1.54,DZ,1722886205
394,dunedin,-45.8742,170.5036,6.0,79,22,0.45,NZ,1722886240
395,ujae,8.9322,165.7642,28.81,72,64,2.94,MH,1722886241
396,san antonio,29.4241,-98.4936,36.95,45,20,1.54,US,1722886178
397,ola,59.5833,151.2833,13.0,82,100,1.38,RU,1722886243
398,cabreuva,-23.3075,-47.1328,29.15,25,0,0.75,BR,1722886244
399,arcadia,34.1397,-118.0353,40.71,29,0,3.09,US,1722886245
400,casimiro de abreu,-22.4806,-42.2042,29.88,57,57,0.53,BR,1722886247
401,cill airne,52.05,-9.5167,12.66,86,43,2.24,IE,1722886248
402,nadym,65.5333,72.5167,7.86,70,49,5.49,RU,1722886249
403,al jawf,29.5,38.75,29.13,16,0,3.53,SA,1722886250
404,huai'an,33.5886,119.0192,26.99,87,0,2.82,CN,1722886252
405,udachny,66.4167,112.4,10.22,87,100,7.76,RU,1722886253
406,acoyapa,11.9703,-85.1711,34.05,66,68,5.87,NI,1722886254
407,nikolayevsk-on-amure,53.1406,140.73,14.94,83,100,1.65,RU,1722886083
408,borba,-4.3878,-59.5939,36.98,22,93,1.75,BR,1722886256
409,gaigeturi,33.4644,126.3183,28.03,69,0,1.54,KR,1722886257
410,sandnessjoen,66.0217,12.6316,22.29,64,20,4.12,NO,1722886259
411,golyshmanovo,56.3979,68.3728,15.84,88,100,2.76,RU,1722886260
412,tongchuanshi,35.0806,109.0897,23.53,78,0,2.56,CN,1722886261
413,pultusk,52.7025,21.0828,17.81,91,40,3.28,PL,1722886262
414,loiza,18.4313,-65.8802,32.8,76,40,7.2,PR,1722886263
415,colonia,50.9333,6.95,24.03,70,0,1.54,DE,1722886264
416,puerto baquerizo moreno,-0.9,-89.6,20.55,100,100,2.57,EC,1722886265
417,port moresby,-9.4431,147.1797,23.68,88,75,3.09,PG,1722886266
418,mil'kovo,55.6078,37.7956,20.19,65,3,1.67,RU,1722886267
419,manadhoo,5.7667,73.3833,27.77,75,100,2.28,MV,1722886268
420,luchegorsk,46.4764,134.2569,22.25,90,100,4.4,RU,1722886269
421,mendi,-6.1761,143.6513,10.94,97,92,1.59,PG,1722886271
422,spencer,43.1414,-95.1444,30.31,75,36,5.4,US,1722886272
423,pandan,14.0453,124.1694,26.8,86,100,5.27,PH,1722886273
424,ust'-kulom,61.6864,53.6902,11.85,91,92,3.12,RU,1722886274
425,crane,31.3974,-102.3501,33.08,30,100,3.82,US,1722886089
426,calama,-22.4667,-68.9333,19.27,12,0,9.26,CL,1722886276
427,tsiombe,-25.3,45.4833,18.03,93,4,1.15,MG,1722886277
428,akureyri,65.6835,-18.0878,10.96,93,100,4.63,IS,1722886022
429,el nido,11.1858,119.3956,25.08,92,99,4.14,PH,1722886279
430,krasnoshchekovo,51.6708,82.7289,14.81,88,38,2.22,RU,1722886281
431,usogorsk,63.4106,48.6872,13.71,94,99,1.81,RU,1722886282
432,banff,51.1762,-115.5698,20.21,45,14,1.54,CA,1722886207
433,puerto rico,-26.796,-55.024,28.46,50,42,1.55,AR,1722886146
434,feicheng,35.2606,117.9675,24.27,96,99,2.01,CN,1722886285
435,balqash,46.8481,74.995,24.89,38,86,6.39,KZ,1722886286
436,bolobo,-2.1667,16.2333,26.78,54,85,0.66,CD,1722886287
437,cannonvale,-20.2833,148.7,17.66,90,100,3.58,AU,1722886288
438,okhotsk,59.3833,143.3,11.49,95,100,5.79,RU,1722886175
439,carutapera,-1.195,-46.02,28.61,68,29,4.51,BR,1722886291
440,lerwick,60.1545,-1.1494,14.0,92,96,1.27,GB,1722886292
441,remire-montjoly,4.9167,-52.2667,32.02,66,20,6.17,GF,1722886293
442,tughyl,47.7252,84.2063,22.14,46,5,2.15,KZ,1722886294
443,sinop,41.7711,34.8709,17.26,96,54,0.86,TR,1722886295
444,lemvig,56.5486,8.3102,17.89,84,17,2.96,DK,1722886296
445,fortuna,40.5982,-124.1573,15.55,95,100,2.57,US,1722886297
446,galesong,-5.3166,119.3661,24.01,78,97,2.37,ID,1722886298
447,brisas de zicatela,15.8369,-97.0419,29.29,84,75,3.6,MX,1722886299
448,langarud,37.197,50.1535,26.03,82,2,0.54,IR,1722886301
449,toliara,-23.35,43.6667,20.69,76,0,2.63,MG,1722886302
450,wotho,10.1657,166.0102,27.58,80,94,6.02,MH,1722886304
451,saint-leu,-21.15,55.2833,18.48,75,6,1.02,RE,1722886306
452,lompoc,34.6391,-120.4579,29.08,46,14,5.41,US,1722886307
453,panama city beach,30.1766,-85.8055,33.32,63,75,9.77,US,1722886308
454,opuwo,-18.0607,13.84,19.38,24,0,1.35,NA,1722886309
455,myitkyina,25.3833,97.4,23.7,100,100,0.22,MM,1722886311
456,boa vista,2.8197,-60.6733,31.99,51,40,1.54,BR,1722886080
457,antsiranana,-12.2787,49.2917,22.25,81,9,6.03,MG,1722886313
458,campanario,38.8644,-5.6174,31.72,16,0,3.38,ES,1722886314
459,fauske,67.2588,15.3918,20.02,69,52,1.91,NO,1722886315
460,salalah,17.0151,54.0924,25.05,94,100,0.0,OM,1722886081
461,vallehermoso,10.3349,123.3259,24.25,92,99,3.08,PH,1722886317
462,malakal,9.5334,31.6605,22.62,94,100,2.04,SS,1722886318
463,bonanza,14.0289,-84.591,29.07,66,100,1.27,NI,1722886319
464,castillos,-34.1667,-53.8333,14.02,92,100,4.77,UY,1722886321
465,barah,13.7,30.3667,27.59,63,74,6.96,SD,1722886323
466,altay,47.8667,88.1167,15.48,42,0,2.68,CN,1722886324
467,ibeto,10.4854,5.145,23.31,91,98,2.03,NG,1722886325
468,yanchep,-31.55,115.6833,12.19,91,1,4.09,AU,1722886326
469,guiratinga,-16.3494,-53.7583,32.01,17,0,2.2,BR,1722886327
470,holualoa,19.6228,-155.9522,26.04,77,100,3.09,US,1722886328
471,chibougamau,49.9168,-74.3659,15.79,55,100,5.66,CA,1722886329
472,rio branco,-9.9747,-67.81,33.34,49,40,3.6,BR,1722886099
473,calvinia,-31.4707,19.776,6.44,60,0,1.19,ZA,1722886332
474,burao,9.5221,45.5336,26.91,48,100,8.34,SO,1722886333
475,el haouaria,37.05,11.0144,27.01,86,0,5.49,TN,1722886112
476,jaffna,9.6685,80.0074,27.61,83,99,7.55,LK,1722886335
477,sumbawa besar,-8.5,117.4333,20.24,89,99,1.82,ID,1722886336
478,brookings,44.3114,-96.7984,27.92,81,75,3.09,US,1722886337
479,mathba,22.2855,89.9629,27.03,90,100,1.81,BD,1722886338
480,villa del totoral,-30.8167,-63.7167,21.2,42,0,4.05,AR,1722886339
481,plettenberg bay,-34.0527,23.3716,11.97,53,0,2.1,ZA,1722886340
482,quellon,-43.1167,-73.6167,7.99,94,100,7.76,CL,1722886342
483,fisterra,42.9049,-9.2629,19.86,95,22,3.42,ES,1722886343
484,tulun,54.5611,100.5792,12.82,87,12,1.39,RU,1722886344
485,borkum,53.5809,6.6915,22.75,79,5,2.19,DE,1722886345
486,ovruch,51.3246,28.8035,17.81,77,100,1.79,UA,1722886346
487,pacific grove,36.6177,-121.9166,24.56,90,100,4.12,US,1722886347
488,cedeira,43.6797,-8.0209,22.14,38,4,2.93,ES,1722886348
489,kirensk,57.7853,108.1119,12.12,65,6,0.73,RU,1722886349
490,marsh harbour,26.5412,-77.0636,29.29,74,100,6.81,BS,1722886350
491,smithers,54.7804,-127.1743,22.18,35,40,3.6,CA,1722886352
492,kindia,10.0569,-12.8658,22.02,97,100,1.91,GN,1722886353
493,knjazevac,43.5648,22.2502,24.49,50,99,0.98,RS,1722886354
494,assab,13.0092,42.7394,30.37,76,100,6.94,ER,1722886355
495,djamaa,33.5339,5.9931,34.46,19,0,3.65,DZ,1722886356
496,talcahuano,-36.7167,-73.1167,11.82,71,75,4.12,CL,1722886358
497,chengde,40.9725,117.9361,19.87,86,0,1.19,CN,1722886359
498,benghazi,32.1167,20.0667,28.77,66,0,5.06,LY,1722886360
499,tinajo,29.0788,-13.7081,23.49,69,20,7.72,ES,1722886361
500,rampur,28.8167,79.0333,28.59,77,100,3.02,IN,1722886362
501,baro,8.6,6.4167,26.46,73,100,1.81,NG,1722886363
502,viana do castelo,41.6932,-8.8329,18.93,91,1,5.84,PT,1722886215
503,grand-lahou,5.1367,-5.0242,23.35,91,100,3.77,CI,1722886365
504,muynoq,43.7683,59.0214,29.93,25,3,4.89,UZ,1722886366
505,merizo village,13.2658,144.6691,26.31,79,100,2.54,GU,1722886367
506,sao joao da barra,-21.6403,-41.0511,26.05,83,0,7.47,BR,1722886369
507,mahajanga,-15.7167,46.3167,20.01,88,0,1.03,MG,1722886370
508,hami,42.8,93.45,27.2,26,3,1.98,CN,1722886371
509,changsha,28.2,112.9667,28.09,71,78,2.6,CN,1722886372
510,cold lake,54.4502,-110.2017,15.97,94,100,4.63,CA,1722886373
511,joshimath,30.5667,79.5667,18.18,97,88,0.51,IN,1722886374
512,uliastay,47.7417,96.8444,14.07,36,58,2.57,MN,1722886375
513,mechanicstown,41.4429,-74.3885,32.28,64,0,5.66,US,1722886376
514,gorontalo,0.5412,123.0595,22.57,97,54,0.89,ID,1722886377
515,prachuap khiri khan,12.2167,99.75,24.1,88,98,1.17,TH,1722886378
516,aral,40.5156,81.2636,28.63,32,100,3.54,CN,1722886380
517,mgandu,-5.95,34.1333,17.05,36,3,1.94,TZ,1722886381
518,ocean shores,46.9737,-124.1563,18.34,79,100,3.6,US,1722886382
519,benoy,8.9833,16.3199,24.07,79,100,1.09,TD,1722886383
520,kruisfontein,-34.0033,24.7314,8.82,58,0,2.8,ZA,1722886385
521,hengchun,22.0042,120.7439,28.61,81,48,3.14,TW,1722886386
522,sola,-13.8833,167.55,24.65,65,50,10.47,VU,1722886387
523,birine,35.635,3.225,28.58,18,0,6.56,DZ,1722886388
524,katoro,-3.0203,31.8958,19.95,34,1,0.58,TZ,1722886389
525,saudarkrokur,65.7461,-19.6394,10.16,95,99,5.57,IS,1722886215
526,broome,42.2506,-75.833,28.72,55,20,3.09,US,1722886300
527,zuyevka,58.405,51.1335,13.86,96,20,1.81,RU,1722886394
528,mweka,-4.85,21.5667,24.77,35,19,0.68,CD,1722886395
529,key largo,25.0865,-80.4473,32.0,81,93,5.71,US,1722886200
530,bac lieu,9.285,105.7244,25.78,89,55,3.55,VN,1722886397
531,port augusta,-32.5,137.7667,6.38,82,13,1.01,AU,1722886398
532,glenfield park,-35.1372,147.334,4.77,91,10,1.28,AU,1722886399
533,kayes,14.0,-11.0,26.2,77,99,2.06,ML,1722886400
534,nemuro,43.3236,145.575,16.76,100,95,2.12,JP,1722886401
535,mogadishu,2.0371,45.3438,24.51,80,2,10.1,SO,1722886402
536,lusaka,-15.4067,28.2871,18.21,19,0,1.52,ZM,1722886355
537,bhachau,23.2833,70.35,27.61,83,100,7.41,IN,1722886405
538,lianyuan,27.6883,111.6642,26.82,79,91,0.38,CN,1722886406
539,edmundston,47.3737,-68.3251,24.3,37,75,4.12,CA,1722886407
540,lethem,3.3803,-59.7968,31.81,57,44,2.76,GY,1722886408
541,palmares do sul,-30.2578,-50.5097,18.81,91,10,4.47,BR,1722886409
542,wuwei,37.9281,102.6414,25.57,28,81,4.4,CN,1722886410
543,malanje,-9.5402,16.341,23.45,24,0,2.03,AO,1722886411
544,arkhangel'sk,64.5401,40.5433,13.06,88,40,2.0,RU,1722886412
545,newman,37.3138,-121.0208,33.19,16,0,0.39,US,1722886414
546,la paz,-16.5,-68.15,14.99,26,40,7.2,BO,1722886190
547,ratne,51.6683,24.5303,15.14,91,100,3.02,UA,1722886417
548,puerto el triunfo,13.2833,-88.55,29.02,74,13,4.63,SV,1722886420
549,grand ledge,42.7534,-84.7464,27.38,78,100,5.14,US,1722886421
550,copiapo,-27.3667,-70.3333,15.83,33,0,3.03,CL,1722886422
551,yorosso,12.3536,-4.7761,24.0,88,96,2.09,ML,1722886423
552,tahla,34.0485,-4.428,29.78,18,4,1.92,MA,1722886424
553,bereket,39.2446,55.5154,34.87,17,0,4.69,TM,1722886426
554,goulburn,-34.75,149.7167,1.65,97,8,1.76,AU,1722886427
555,ghat,24.9647,10.1728,34.45,14,0,6.59,LY,1722886428
556,tannum sands,-23.9504,151.3693,13.94,88,0,2.57,AU,1722886429
557,harper,4.375,-7.7169,24.22,85,100,4.37,LR,1722886430
558,praia da vitoria,38.7333,-27.0667,28.14,69,20,2.25,PT,1722886431
559,sakhipur,24.3,90.1833,26.55,92,100,2.06,BD,1722886432
560,simanggang,1.2472,111.4528,24.99,100,41,0.0,MY,1722886433
561,vila velha,-20.3297,-40.2925,25.97,80,20,5.14,BR,1722886435
562,plaza huincul,-38.926,-69.2086,13.41,10,99,3.58,AR,1722886436
563,santanyi,39.3546,3.1291,28.41,69,0,2.26,ES,1722886437
564,bodo,67.28,14.405,20.02,66,0,2.57,NO,1722886438
565,novaya ladoga,60.1025,32.3019,15.25,87,17,2.2,RU,1722886439
566,namtsy,62.7161,129.6658,13.36,90,100,3.72,RU,1722886440
567,americus,32.0724,-84.2327,28.07,69,20,8.23,US,1722886442
568,mugia,43.1041,-9.2179,19.95,95,41,1.23,ES,1722886443
569,ouesso,1.6136,16.0517,25.97,62,89,1.27,CG,1722886444
